{
    "Prachatice": {
        "population": 51444,
        "infected": 0,
        "neighbors": [],
        "coords": [
            null,
            null
        ]
    },
    "Sokolov": {
        "population": 85964,
        "infected": 0,
        "neighbors": [],
        "coords": [
            null,
            null
        ]
    },
    "Cheb": {
        "population": 92636,
        "infected": 0,
        "neighbors": [],
        "coords": [
            null,
            null
        ]
    },
    "Teplice": {
        "population": 127681,
        "infected": 0,
        "neighbors": [],
        "coords": [
            null,
            null
        ]
    },
    "Přerov": {
        "population": 128180,
        "infected": 0,
        "neighbors": [],
        "coords": [
            null,
            null
        ]
    },
    "Beroun": {
        "population": 100517,
        "infected": 0,
        "neighbors": [],
        "coords": [
            null,
            null
        ]
    },
    "Kladno": {
        "population": 168708,
        "infected": 0,
        "neighbors": [],
        "coords": [
            null,
            null
        ]
    },
    "Kutná Hora": {
        "population": 78072,
        "infected": 0,
        "neighbors": [],
        "coords": [
            null,
            null
        ]
    },
    "Kolín": {
        "population": 107268,
        "infected": 0,
        "neighbors": [],
        "coords": [
            null,
            null
        ]
    },
    "Rakovník": {
        "population": 56058,
        "infected": 0,
        "neighbors": [],
        "coords": [
            null,
            null
        ]
    },
    "Praha-východ": {
        "population": 198312,
        "infected": 0,
        "neighbors": [],
        "coords": [
            null,
            null
        ]
    },
    "Jeseník": {
        "population": 36991,
        "infected": 0,
        "neighbors": [],
        "coords": [
            null,
            null
        ]
    },
    "Příbram": {
        "population": 117554,
        "infected": 0,
        "neighbors": [],
        "coords": [
            null,
            null
        ]
    },
    "České Budějovice": {
        "population": 200426,
        "infected": 0,
        "neighbors": [],
        "coords": [
            null,
            null
        ]
    },
    "Děčín": {
        "population": 127269,
        "infected": 0,
        "neighbors": [],
        "coords": [
            null,
            null
        ]
    },
    "Český Krumlov": {
        "population": 62038,
        "infected": 0,
        "neighbors": [],
        "coords": [
            null,
            null
        ]
    },
    "Domažlice": {
        "population": 55796,
        "infected": 0,
        "neighbors": [],
        "coords": [
            null,
            null
        ]
    },
    "Jindřichův Hradec": {
        "population": 90401,
        "infected": 0,
        "neighbors": [],
        "coords": [
            null,
            null
        ]
    },
    "Písek": {
        "population": 72525,
        "infected": 0,
        "neighbors": [],
        "coords": [
            null,
            null
        ]
    },
    "Uherské Hradiště": {
        "population": 141496,
        "infected": 0,
        "neighbors": [],
        "coords": [
            null,
            null
        ]
    },
    "Strakonice": {
        "population": 71571,
        "infected": 0,
        "neighbors": [],
        "coords": [
            null,
            null
        ]
    },
    "Vsetín": {
        "population": 142180,
        "infected": 0,
        "neighbors": [],
        "coords": [
            null,
            null
        ]
    },
    "Tábor": {
        "population": 103898,
        "infected": 0,
        "neighbors": [],
        "coords": [
            null,
            null
        ]
    },
    "Karviná": {
        "population": 242166,
        "infected": 0,
        "neighbors": [],
        "coords": [
            null,
            null
        ]
    },
    "Klatovy": {
        "population": 86853,
        "infected": 0,
        "neighbors": [],
        "coords": [
            null,
            null
        ]
    },
    "Plzeň-město": {
        "population": 201517,
        "infected": 0,
        "neighbors": [],
        "coords": [
            null,
            null
        ]
    },
    "Plzeň-jih": {
        "population": 70989,
        "infected": 0,
        "neighbors": [],
        "coords": [
            null,
            null
        ]
    },
    "Nový Jičín": {
        "population": 151814,
        "infected": 0,
        "neighbors": [],
        "coords": [
            null,
            null
        ]
    },
    "Plzeň-sever": {
        "population": 83069,
        "infected": 0,
        "neighbors": [],
        "coords": [
            null,
            null
        ]
    },
    "Rokycany": {
        "population": 50258,
        "infected": 0,
        "neighbors": [],
        "coords": [
            null,
            null
        ]
    },
    "Karlovy Vary": {
        "population": 114995,
        "infected": 0,
        "neighbors": [],
        "coords": [
            null,
            null
        ]
    },
    "Česká Lípa": {
        "population": 103344,
        "infected": 0,
        "neighbors": [],
        "coords": [
            null,
            null
        ]
    },
    "Chomutov": {
        "population": 124035,
        "infected": 0,
        "neighbors": [],
        "coords": [
            null,
            null
        ]
    },
    "Ústí nad Labem": {
        "population": 118839,
        "infected": 0,
        "neighbors": [],
        "coords": [
            null,
            null
        ]
    },
    "Liberec": {
        "population": 179921,
        "infected": 0,
        "neighbors": [],
        "coords": [
            null,
            null
        ]
    },
    "Semily": {
        "population": 73004,
        "infected": 0,
        "neighbors": [],
        "coords": [
            null,
            null
        ]
    },
    "Hradec Králové": {
        "population": 166989,
        "infected": 0,
        "neighbors": [],
        "coords": [
            null,
            null
        ]
    },
    "Trutnov": {
        "population": 117192,
        "infected": 0,
        "neighbors": [],
        "coords": [
            null,
            null
        ]
    },
    "Jičín": {
        "population": 80578,
        "infected": 0,
        "neighbors": [],
        "coords": [
            null,
            null
        ]
    },
    "Rychnov nad Kněžnou": {
        "population": 80186,
        "infected": 0,
        "neighbors": [],
        "coords": [
            null,
            null
        ]
    },
    "Chrudim": {
        "population": 106398,
        "infected": 0,
        "neighbors": [],
        "coords": [
            null,
            null
        ]
    },
    "Pardubice": {
        "population": 179537,
        "infected": 0,
        "neighbors": [],
        "coords": [
            null,
            null
        ]
    },
    "Svitavy": {
        "population": 104576,
        "infected": 0,
        "neighbors": [],
        "coords": [
            null,
            null
        ]
    },
    "Nymburk": {
        "population": 105463,
        "infected": 0,
        "neighbors": [],
        "coords": [
            null,
            null
        ]
    },
    "Ústí nad Orlicí": {
        "population": 138250,
        "infected": 0,
        "neighbors": [],
        "coords": [
            null,
            null
        ]
    },
    "Břeclav": {
        "population": 117576,
        "infected": 0,
        "neighbors": [],
        "coords": [
            null,
            null
        ]
    },
    "Pelhřimov": {
        "population": 74133,
        "infected": 0,
        "neighbors": [],
        "coords": [
            null,
            null
        ]
    },
    "Hodonín": {
        "population": 152119,
        "infected": 0,
        "neighbors": [],
        "coords": [
            null,
            null
        ]
    },
    "Třebíč": {
        "population": 110393,
        "infected": 0,
        "neighbors": [],
        "coords": [
            null,
            null
        ]
    },
    "Brno-město": {
        "population": 396101,
        "infected": 0,
        "neighbors": [],
        "coords": [
            null,
            null
        ]
    },
    "Brno-venkov": {
        "population": 231056,
        "infected": 0,
        "neighbors": [],
        "coords": [
            null,
            null
        ]
    },
    "Vyškov": {
        "population": 94274,
        "infected": 0,
        "neighbors": [],
        "coords": [
            null,
            null
        ]
    },
    "Znojmo": {
        "population": 116028,
        "infected": 0,
        "neighbors": [],
        "coords": [
            null,
            null
        ]
    },
    "Olomouc": {
        "population": 237940,
        "infected": 0,
        "neighbors": [],
        "coords": [
            null,
            null
        ]
    },
    "Šumperk": {
        "population": 119974,
        "infected": 0,
        "neighbors": [],
        "coords": [
            null,
            null
        ]
    },
    "Kroměříž": {
        "population": 104522,
        "infected": 0,
        "neighbors": [],
        "coords": [
            null,
            null
        ]
    },
    "Bruntál": {
        "population": 89834,
        "infected": 0,
        "neighbors": [],
        "coords": [
            null,
            null
        ]
    },
    "Frýdek-Místek": {
        "population": 214669,
        "infected": 0,
        "neighbors": [],
        "coords": [
            null,
            null
        ]
    },
    "Opava": {
        "population": 175042,
        "infected": 0,
        "neighbors": [],
        "coords": [
            null,
            null
        ]
    },
    "Ostrava-město": {
        "population": 316149,
        "infected": 0,
        "neighbors": [],
        "coords": [
            null,
            null
        ]
    },
    "Jihlava": {
        "population": 116041,
        "infected": 0,
        "neighbors": [],
        "coords": [
            null,
            null
        ]
    },
    "Blansko": {
        "population": 110046,
        "infected": 0,
        "neighbors": [],
        "coords": [
            null,
            null
        ]
    },
    "Benešov": {
        "population": 102228,
        "infected": 0,
        "neighbors": [],
        "coords": [
            null,
            null
        ]
    },
    "Mělník": {
        "population": 113100,
        "infected": 0,
        "neighbors": [],
        "coords": [
            null,
            null
        ]
    },
    "Praha": {
        "population": 1357326,
        "infected": 0,
        "neighbors": [],
        "coords": [
            null,
            null
        ]
    },
    "Mladá Boleslav": {
        "population": 133876,
        "infected": 0,
        "neighbors": [],
        "coords": [
            null,
            null
        ]
    },
    "Náchod": {
        "population": 110322,
        "infected": 0,
        "neighbors": [],
        "coords": [
            null,
            null
        ]
    },
    "Havlíčkův Brod": {
        "population": 95176,
        "infected": 0,
        "neighbors": [],
        "coords": [
            null,
            null
        ]
    },
    "Tachov": {
        "population": 56906,
        "infected": 0,
        "neighbors": [],
        "coords": [
            null,
            null
        ]
    },
    "Prostějov": {
        "population": 108717,
        "infected": 0,
        "neighbors": [],
        "coords": [
            null,
            null
        ]
    },
    "Most": {
        "population": 108116,
        "infected": 0,
        "neighbors": [],
        "coords": [
            null,
            null
        ]
    },
    "Louny": {
        "population": 87040,
        "infected": 0,
        "neighbors": [],
        "coords": [
            null,
            null
        ]
    },
    "Praha-západ": {
        "population": 158235,
        "infected": 0,
        "neighbors": [],
        "coords": [
            null,
            null
        ]
    },
    "Litoměřice": {
        "population": 119357,
        "infected": 0,
        "neighbors": [],
        "coords": [
            null,
            null
        ]
    },
    "Jablonec nad Nisou": {
        "population": 92908,
        "infected": 0,
        "neighbors": [],
        "coords": [
            null,
            null
        ]
    },
    "Žďár nad Sázavou": {
        "population": 119034,
        "infected": 0,
        "neighbors": [],
        "coords": [
            null,
            null
        ]
    },
    "Zlín": {
        "population": 192333,
        "infected": 0,
        "neighbors": [],
        "coords": [
            null,
            null
        ]
    }
}